{"cameraMode":{"drawMode":0,"name":"Shaded","section":"Shading Mode"},"sceneLighting":false,"audioPlay":false,"sceneViewState":{"m_AlwaysRefresh":false,"showFog":false,"showSkybox":false,"showFlares":false,"showImageEffects":false,"showParticleSystems":false,"showVisualEffectGraphs":true,"m_FxEnabled":true},"in2DMode":false,"pivot":{"x":-0.10706740617752075,"y":0.8677363991737366,"z":0.033401429653167728},"rotation":{"x":0.09018595516681671,"y":-0.8273732662200928,"z":0.13904497027397157,"w":0.5366432666778565},"size":1.219594955444336,"orthographic":false}