{"cameraMode":{"drawMode":0,"name":"Shaded","section":"Shading Mode"},"sceneLighting":false,"audioPlay":false,"sceneViewState":{"m_AlwaysRefresh":false,"showFog":false,"showSkybox":false,"showFlares":false,"showImageEffects":false,"showParticleSystems":false,"showVisualEffectGraphs":true,"m_FxEnabled":true},"in2DMode":false,"pivot":{"x":-0.0004380941390991211,"y":0.8642925024032593,"z":0.07685691118240357},"rotation":{"x":0.09018595516681671,"y":-0.8273732662200928,"z":0.13904497027397157,"w":0.5366432666778565},"size":1.4037976264953614,"orthographic":false}