{"cameraMode":{"drawMode":0,"name":"Shaded","section":"Shading Mode"},"sceneLighting":false,"audioPlay":false,"sceneViewState":{"m_AlwaysRefresh":false,"showFog":false,"showSkybox":false,"showFlares":false,"showImageEffects":false,"showParticleSystems":false,"showVisualEffectGraphs":true,"m_FxEnabled":true},"in2DMode":false,"pivot":{"x":-0.000026106834411621094,"y":1.0210165977478028,"z":-0.07291591167449951},"rotation":{"x":0.09018595516681671,"y":-0.8273732662200928,"z":0.13904497027397157,"w":0.5366432666778565},"size":0.8660253882408142,"orthographic":false}